BOX, DISTRICT, LAT, LONG
1232,3,-71.05660859037842,42.36821867514193
1233,3,-71.05432958905813,42.36706267496729
1234,3,-71.05406958937768,42.36769167526777
1235,3,-71.05250458919242,42.36720367514345
1231,3,-71.05651959108941,42.3670236745721
1211,3,-71.05837959062583,42.36681867515126
1216,3,-71.0574755907521,42.365893674549284
1217,3,-71.05832759113143,42.36527767361366
1212,3,-71.05733659032873,42.36444267425402
1224,3,-71.05545959009667,42.3652516745092
1243,3,-71.05299158903449,42.36530267453954
124,3,-71.0529915893706,42.36561167466765
1221,3,-71.05467758991767,42.36365967398756
1226,3,-71.05554659005188,42.3627216741006
1244,3,-71.0534435890792,42.364031674378175
1241,3,-71.0521225880818,42.36369767369091
1245,3,-71.05121858942242,42.364044674271526
1242,3,-71.05123658856273,42.36544467463114
1236,3,-71.05144458912238,42.36638167471751
1251,3,-71.05257458863926,42.36205467378764
1246,3,-71.05108058854178,42.36213167430966
1247,3,-71.05287958827815,42.36106067430215
1252,3,-71.05391258892293,42.36160567373539
1258,3,-71.05730159081236,42.36170667458554
1259,3,-71.05671058956622,42.36047367338118
1255,3,-71.05552959016966,42.361128673532576
1253,3,-71.05375658865398,42.36082067335926
1262,3,-71.05924459031067,42.35921367334006
1271,3,-71.05783059049223,42.35889067348113
1281,3,-71.05588558988023,42.358984673340046
1254,3,-71.05576358963266,42.35963367372093
1256,3,-71.05377358894863,42.35996067364056
1296,3,-71.05179158842849,42.359690673990016
1263,3,-71.0602745912396,42.3581106727334
1272,3,-71.0580495902235,42.35771267262447
1282,3,-71.05651959032582,42.35760967383362
1287,3,-71.05429458874521,42.35838067305493
1286,3,-71.05351258854932,42.35879167370385
1273,3,-71.05956159121514,42.35626267282726
1284,3,-71.05486858828631,42.356146673565156
1298,3,-71.05406858794129,42.35529867221791
1291,3,-71.05319958805077,42.356056672295004
1299,3,-71.05297358861667,42.35482367190831
1297,3,-71.05219158831359,42.35522167255161
1293,3,-71.05094058794526,42.355131672678795
1292,3,-71.05155458726615,42.35462367334318
1274,3,-71.05811859036534,42.356724672957306
1275,3,-71.05678058937131,42.35673767217813
1283,3,-71.05488559013801,42.35735367353777
1285,3,-71.05262658867248,42.35740567322376
7135,6,-71.05360958839535,42.343362670220394
7131,6,-71.05105458715157,42.34699767090106
713,6,-71.0495555875123,42.34912667140781
3474,8,-71.06409958702974,42.27327165620291
4126,3,-71.0593625912017,42.374395675613705
3284,8,-71.0550195854808,42.28543365952023
3467,8,-71.05997958539355,42.27791265768911
3211,8,-71.05736658623142,42.29314166044714
3142,7,-71.06155958889421,42.305380663158694
3283,8,-71.05563358540938,42.28356165884366
3469,8,-71.06188958725456,42.27525465764193
3282,8,-71.05571258505574,42.28249965817665
3285,8,-71.05452058426714,42.28665665949649
3226,8,-71.05620958648957,42.29003466022833
6221,1,-71.01913957945135,42.38608367916234
1655,4,-71.07145659334199,42.33501766868887
1646,4,-71.06763659180918,42.33767266813164
1625,4,-71.06134059104976,42.34594967058991
1626,4,-71.06204959060489,42.34401766997612
2115,5,-71.07755959481317,42.33085866722419
1654,4,-71.07003959298193,42.33597466776185
2114,5,-71.07440659392454,42.33276466783949
1647,4,-71.06647259197428,42.33849766925769
2126,5,-71.07922859589209,42.329797666651245
2774,10,-71.14201461353707,42.283844657051034
4182,3,-71.07311359616962,42.3862746773035
3454,8,-71.06884658911282,42.28117965814476
5152,11,-71.13823461611524,42.34760866819818
3311,8,-71.0674025901106,42.293585659840765
3415,8,-71.06695458996238,42.292357660477705
5153,11,-71.13881061683561,42.34666866764767
5162,11,-71.13616561460606,42.35079166885086
5173,11,-71.1408436168168,42.34413466774999
2684,12,-71.12830860801057,42.27125465445045
3872,10,-71.14220461216831,42.25369065030021
3612,12,-71.08969259675753,42.29753766074682
361,12,-71.08694959637906,42.29822766050231
3726,12,-71.11910660575614,42.27260765479499
3614,12,-71.09225659754883,42.29594966025907
3518,8,-71.08658559578677,42.29083165856267
2449,9,-71.10126960242901,42.31826966403167
2274,9,-71.10041060166209,42.31944266402208
254,9,-71.10685260353411,42.31043966253106
244,9,-71.10515360285453,42.31357266320554
2911,10,-71.14842261613364,42.284361655751766
2914,10,-71.15004661626678,42.28300865541649
2497,9,-71.1305656106906,42.30272265990398
2519,9,-71.11888060717727,42.30414866083568
3152,7,-71.06193158762949,42.30169166260797
1534,4,-71.07072759424749,42.35192367164272
4183,3,-71.0748405975298,42.387236678445966
5117,11,-71.12277861161314,42.35405267047094
2414,9,-71.1039436028239,42.32127266491861
6242,1,-71.00652557525194,42.38816468034632
3227,8,-71.05541658549161,42.28830565957069
3291,8,-71.05894258740723,42.28718765981847
3235,8,-71.05218958446824,42.28917565975185
3442,8,-71.06671158907946,42.28517065895535
3381,8,-71.07752859303986,42.29597566123177
5262,11,-71.13450461641841,42.360525670898085
5488,11,-71.17033562704022,42.35247466894844
1437,4,-71.05660458864213,42.35043967176168
1413,3,-71.0535305886259,42.35367367185589
1295,3,-71.0516015883316,42.35877167344045
1294,3,-71.05130258735684,42.35786067387329
1866,7,-71.05661658782351,42.31116866437486
3813,10,-71.12593360736017,42.26036665254314
4138,3,-71.06414159369254,42.375319676262464
3812,10,-71.1256346066371,42.26324765244026
7213,6,-71.05395858784239,42.340823669637366
3593,8,-71.09238159642285,42.27122265505154
3591,8,-71.09200859681674,42.27407965569694
3451,8,-71.06885158960392,42.28380065835256
2871,10,-71.16947462265854,42.28348665564229
2956,10,-71.16424961983674,42.27252565386832
2872,10,-71.17075362314051,42.28608865517815
287,10,-71.16864562220185,42.28139565500676
2875,10,-71.17286262323927,42.289856655716925
415,3,-71.06259359327242,42.377646676369295
4152,3,-71.06524759358508,42.37886167640288
2681,12,-71.13013460981972,42.270015653714665
268,12,-71.13067560898945,42.271989654045356
2318,5,-71.10034760293793,42.350338670417045
6262,1,-71.00476757443083,42.38434067934533
6264,1,-71.00149157259335,42.38344067971194
1433,4,-71.0602905916881,42.351256671935616
1436,4,-71.05856959022856,42.35091567193774
2323,5,-71.1033506047211,42.347160668953336
1385,3,-71.07204059414367,42.35556667214224
1533,4,-71.07486159597408,42.35483467216476
1376,3,-71.069369593255,42.356160672214344
1578,4,-71.07691059612772,42.3542156724553
1575,4,-71.07915259765498,42.35362167132981
1579,4,-71.08122059829941,42.35306567133418
1576,4,-71.08349959853479,42.35247167082064
1585,4,-71.08699259951541,42.35153367112361
1375,3,-71.06757959331843,42.35656467267303
1371,3,-71.06267959165365,42.35792967294658
2312,5,-71.09759260295716,42.34879167049426
232,5,-71.10497060420359,42.346624669652805
2324,5,-71.10605460517803,42.346293669536365
1588,5,-71.09167060052046,42.350185670077416
1583,5,-71.08950360062505,42.3509046703043
3761,12,-71.11269060228337,42.255580651414576
3762,12,-71.11522760358454,42.25417265149161
537, ,-71.1670366244544,42.333472665491776
5346,11,-71.15067061911739,42.336272665781486
3293,8,-71.05853558697228,42.28513565903264
2785,10,-71.14163461271326,42.28129165505002
2679,12,-71.12945760807546,42.273455654382175
2677,10,-71.13283260991966,42.27567765474941
2782,10,-71.1435756140802,42.2824936562283
2786,10,-71.13947861291584,42.27985565525978
2674,10,-71.13646361091065,42.27680865459058
2673,10,-71.13744861211832,42.27740765471043
1845,7,-71.05460558630529,42.31505066481898
2771,10,-71.14057461299738,42.286119656977256
2773,10,-71.14478961438542,42.28607865621963
2762,10,-71.1329846103716,42.28638565663449
2761,10,-71.1296836102126,42.28726865726707
2768,10,-71.13759061174909,42.28621665666606
5496,11,-71.17059362775272,42.35487266931648
2923,10,-71.14797061464674,42.27726565519526
2928,10,-71.15390961796308,42.280913655733535
2925,10,-71.15070261629526,42.27900965498587
1568,4,-71.084586597735,42.34618666958912
6215,1,-71.01837257819741,42.38266167858196
6241,1,-71.00701157534829,42.38666767999618
6225,1,-71.01252457756154,42.38471367907221
6224,1,-71.01508357798494,42.383857679386935
6194,1,-71.0254315802838,42.38000367810742
6163,1,-71.03891858559325,42.37503567656518
6271,1,-70.99683257229627,42.39020268110579
1524,4,-71.07096759384824,42.34698967027159
1537,4,-71.07445759567035,42.35401767205353
1539,4,-71.07350559524707,42.35208567141114
1538,4,-71.07268359409572,42.35044367160483
3393,8,-71.08002959345619,42.293825660014996
2776,10,-71.13945161277,42.283625656334934
5484,11,-71.16423462498086,42.355470668857635
5485,11,-71.16763362592617,42.35378666823522
5483,11,-71.16720362691758,42.355000669050014
751,6,-71.03231458136992,42.34368767135137
752,6,-71.03171758027722,42.344085671148555
7531,6,-71.03058858050584,42.346660671854124
7541,6,-71.02902557965919,42.34666467254118
7523,6,-71.02359257874713,42.34628967204507
7526,6,-71.02568657849328,42.34750667155752
7529,6,-71.02927657965112,42.345717671839814
7544,6,-71.03171958080037,42.34482567144103
7535,6,-71.03199358119319,42.345291671435014
7516,6,-71.03730558309434,42.34450367093993
7515,6,-71.03879158327848,42.34438067126472
7517,6,-71.0371935827118,42.34624267125843
7519,6,-71.03551358226282,42.34671167113143
7511,6,-71.03409458148577,42.346297670964816
7533,6,-71.03333258082547,42.34763467192835
7518,6,-71.03766258249055,42.34372567045867
7127,6,-71.03752758232497,42.34828767124063
7521,6,-71.02781257978309,42.34491167132797
7126,6,-71.03577158231124,42.34907867263368
1565,4,-71.07953359613231,42.34592466959992
4228,3,-71.0509975892808,42.37705367662682
4217,3,-71.05243958990309,42.376200677182915
4214,3,-71.05519559071445,42.37450367671205
4242,3,-71.05102458811459,42.374986676568014
4238,3,-71.05129358952132,42.37360567695751
4224,3,-71.05217058925918,42.37830767738694
4222,3,-71.05310858977238,42.37685567667142
4129,3,-71.05432358929897,42.37707167673109
4216,3,-71.05452659024944,42.37583867679308
4219,3,-71.0549085894055,42.37484767660139
421,3,-71.05625959063607,42.374707675884906
4255,3,-71.0580765908847,42.373401675615966
4211,3,-71.05675959121973,42.37346067576157
4253,3,-71.05693459119813,42.373067675644414
4232,3,-71.05605859008713,42.37310567550733
4254,3,-71.05649859028038,42.37260267579228
4231,3,-71.05494259007416,42.37205567581201
4213,3,-71.05481958960536,42.37224067633495
4233,3,-71.05446359018676,42.37279167524708
4235,3,-71.05365858985296,42.37285967642019
4243,3,-71.05515559019399,42.37410167589279
4212,3,-71.05566659055513,42.3739476759547
2763,10,-71.13287761126908,42.28441965692546
1773,7,-71.06937259190485,42.31429266473728
6244,1,-71.0036255742065,42.388606680521086
3693,12,-71.10593660048065,42.26762965451863
3176,7,-71.05032358373685,42.29879066184329
5326,11,-71.15010762038096,42.344600667069216
1351,3,-71.06752559397086,42.36389767336928
1352,3,-71.06695559337298,42.363443674395356
1781,7,-71.07952959416421,42.313503663783855
3655,12,-71.09356559764358,42.2743076558996
3625,8,-71.09101059708368,42.28554765755395
3639,8,-71.09250559719912,42.280932657109865
3365,9,-71.08646859624005,42.299603661484326
3623,12,-71.08991759716086,42.28892965902072
3638,8,-71.09201959680726,42.282475657602774
3618,12,-71.0896505965602,42.28971065872543
179,9,-71.08077159586892,42.31188666363374
3624,12,-71.09049359658363,42.28720065787317
175,5,-71.0767225947325,42.322903665215215
3626,12,-71.09145959753832,42.28427765731053
3656,12,-71.09363059736722,42.2711636556767
3658,12,-71.09382359723611,42.26755865444206
2199,9,-71.08466159548983,42.30528666205301
3654,12,-71.0935335975834,42.27517065586663
3648,12,-71.09351859657144,42.277128657144814
3649,12,-71.09310659683844,42.279399657051
1761,7,-71.07814659435968,42.31624566468574
1792,9,-71.08271259528452,42.30956666270525
1752,7,-71.07771559377653,42.319047664819195
267,10,-71.1389486121377,42.27395865464786
2672,10,-71.13738361144146,42.27412065473068
2671,10,-71.1371796114854,42.27546165418177
2675,10,-71.13640361147975,42.27420765424098
2676,10,-71.13675561148644,42.27201165412892
6232,1,-71.01271357660045,42.391086681463946
6157,1,-71.04225958639235,42.371644675698406
7262,6,-71.05943958881873,42.324798666733734
7263,6,-71.06068358882936,42.32298166623461
1313,3,-71.06114559199573,42.36551967431242
1314,3,-71.06091059221548,42.36701167461062
1316,3,-71.05985759116884,42.36431867414138
1311,3,-71.05941759136631,42.364664674139306
1322,3,-71.05840759037643,42.36248167375026
1321,3,-71.05997459209505,42.36311767356874
1342,3,-71.06354559270795,42.36425367370307
1343,3,-71.06426359252146,42.365172674412236
1341,3,-71.06339959268797,42.36567067357212
1345,3,-71.06610759323833,42.36602767441183
1344,3,-71.06736659342508,42.36625467385601
1346,3,-71.06945959540337,42.3653786733912
1353,3,-71.06511259274463,42.363215673378114
1347,3,-71.06982559456836,42.364275673733005
1358,3,-71.06427759305565,42.36225267382071
1338,3,-71.06383859232487,42.36243667389643
135,3,-71.06875759455237,42.362566673275666
1356,3,-71.07079159447483,42.36178767279751
1355,3,-71.06783459349903,42.362165673359385
1369,3,-71.06871359421675,42.361181672990696
1354,3,-71.06698559265378,42.36113867333788
136,3,-71.06558059254913,42.36111667368393
1368,3,-71.06366259239769,42.36119267364573
1334,3,-71.06279959236417,42.361213673519885
1332,3,-71.0612365918434,42.36107167311489
1335,3,-71.06142359151795,42.3600456737948
1367,3,-71.06291659187406,42.359472673427604
1364,3,-71.06508259237211,42.359375673307724
1363,3,-71.06637159345594,42.35955867382337
1365,3,-71.0686395938842,42.35962367254654
1382,3,-71.07082159477429,42.35939667292036
1366,3,-71.07006559496023,42.360313672730435
138,3,-71.07199259536876,42.35940767285081
1381,3,-71.07178759436117,42.35876967281489
1383,3,-71.07074759509192,42.35769867286113
1384,3,-71.07167059492204,42.35662767261936
1374,3,-71.06853759411133,42.35801267259994
1362,3,-71.06767359357843,42.358899672768885
1373,3,-71.06612259281344,42.35782867221317
1372,3,-71.06440959232356,42.35841267220798
139,3,-71.0678495928944,42.35433467131696
1441,3,-71.06221359101968,42.35623867252131
1442,3,-71.06053059057072,42.355470671871245
1443,3,-71.05862759099223,42.354161672205485
1461,3,-71.06175959089832,42.35437767176785
1463,3,-71.06019359174249,42.353555671739436
1451,3,-71.06416059189277,42.353458671706704
1471,4,-71.06256559171999,42.35238767135535
1472,4,-71.06127659161417,42.35250667161525
1432,3,-71.05938859089862,42.35252767186874
148,4,-71.06298959194618,42.350937671679105
1491,4,-71.06158459086193,42.3506566712542
1435,4,-71.05934458993961,42.35002967141523
1492,4,-71.06126259080489,42.349488671509945
1493,4,-71.06117459109838,42.34816867066354
1494,4,-71.06231559202942,42.34870967120727
1481,4,-71.06414659243977,42.34840667065233
1483,4,-71.06568359203828,42.34768167025613
1482,4,-71.06440959162592,42.34735767039943
1495,4,-71.06296059109269,42.34698967105095
1434,4,-71.05720758977787,42.351640671533595
1412,3,-71.05550959004913,42.35272267212489
1431,3,-71.05728058968516,42.35330667206836
1536,4,-71.07606159613825,42.35249567126928
1574,4,-71.08036559745246,42.351262671369
1577,4,-71.08264859890699,42.35066767055895
1584,5,-71.0886065991848,42.34908867048084
158,4,-71.08906060013612,42.35005067022688
1586,5,-71.09165160096407,42.348082669786784
1589,5,-71.09289560147333,42.34808267028787
159,4,-71.08766959909822,42.34728166988709
1591,5,-71.09023160005889,42.346600669592284
1593,5,-71.08951459975314,42.345421669600825
1594,5,-71.08807959951159,42.344361670158285
1567,4,-71.08664459924586,42.34520466918705
1595,5,-71.08683559945996,42.343474669238
1598,5,-71.09030460003882,42.342587669809475
1599,5,-71.09225160073893,42.34105166824441
1597,5,-71.08736259959174,42.342067668990275
1566,5,-71.08499059764607,42.342781669561774
1557,4,-71.07963359604837,42.33970966870267
1551,4,-71.07733559585941,42.34096466946982
1542,4,-71.07541759522768,42.34200366861006
1556,4,-71.07679359605785,42.34367967001297
1541,4,-71.07377759436012,42.34281466989017
1545,4,-71.07487559464033,42.34511867063966
1526,4,-71.07162659318564,42.343982670319846
1525,4,-71.0700015937837,42.345139670600176
1544,4,-71.07313359455937,42.34635167105455
1546,4,-71.07582759501548,42.34705467033834
1547,4,-71.07439259577889,42.34895867109045
1562,4,-71.0786525965315,42.34784467004659
157,4,-71.08548859916439,42.34785566961089
1582,4,-71.08563459878818,42.34872067001968
1573,4,-71.08178559773283,42.34889367028505
1572,4,-71.07948659714611,42.34948867110766
1561,4,-71.0770275962992,42.34929367099477
1535,4,-71.07521259562213,42.35067867099033
153,3,-71.06745459221004,42.35262567127561
1511,4,-71.06477559298534,42.35167367174973
1531,4,-71.06762959331334,42.35188967214268
1519,4,-71.06988459415993,42.35018067109371
1532,4,-71.0717725938909,42.34866667078362
152,4,-71.07106259362457,42.34903067021213
1522,4,-71.06940159442237,42.34857967024044
1523,4,-71.0675715927857,42.34826667013121
1516,4,-71.0664475929736,42.348917671318006
1512,4,-71.06661959214483,42.349369671292045
1521,4,-71.06842059293143,42.34958567099909
1515,4,-71.06547859316194,42.349336671238795
1514,4,-71.06682459307889,42.350937672048666
1571,4,-71.07781859664867,42.35090567053343
1628,4,-71.06323859055088,42.346383670658916
1624,4,-71.06351659072782,42.345432670926826
1629,4,-71.06392659151398,42.344458670700426
1621,4,-71.06541959270518,42.34499967006496
1627,4,-71.06484859206499,42.34576767070226
1622,4,-71.0645555913689,42.34665467071115
1616,4,-71.06591759192871,42.34689267042935
1615,4,-71.06625059174365,42.346030670543286
1614,4,-71.06707359236111,42.344393669779315
1633,4,-71.0643505916489,42.34350566992416
1612,4,-71.06877159333087,42.347562670896586
1634,4,-71.06255059098004,42.343030670431084
1635,4,-71.06641459250507,42.34194866989841
1632,4,-71.06685459169188,42.343019669966324
1631,4,-71.06880059268065,42.341678669030735
1642,4,-71.0698985929218,42.34258767020853
1641,4,-71.07150959283284,42.341624669855825
1651,4,-71.07109959388687,42.34051066908448
1643,4,-71.06863959284246,42.340153668864914
1645,4,-71.06386759089736,42.34036966950042
1653,4,-71.0709505936219,42.338308668594856
1652,4,-71.07357359484061,42.338844668967575
1671,4,-71.07455359458675,42.339601669035815
1673,4,-71.07559359464202,42.33948266953604
1677,4,-71.07664759564365,42.33830366856828
1661,4,-71.07560759436775,42.33744966866761
1662,5,-71.07696959512738,42.336508668312746
1656,4,-71.07330959409575,42.33646466767861
1665,4,-71.07188959369901,42.33526466807142
1667,4,-71.07287059437671,42.334171668027885
1663,4,-71.07445159507503,42.33542666839313
1664,4,-71.07369059476123,42.335729668205076
1678,4,-71.07765759586319,42.3380986690624
1712,5,-71.07500959391253,42.32907566706803
1715,5,-71.07263859336163,42.3285666669853
1714,5,-71.07379459373662,42.32684566583252
1726,5,-71.07151059287114,42.326694666593994
1727,7,-71.0691835918273,42.325049666097904
1713,5,-71.07524459442008,42.32589366613942
173,7,-71.06805559196259,42.32389166623665
1723,7,-71.07079359245009,42.322884665511815
1724,7,-71.07197959260102,42.32507166599936
1721,7,-71.07388259378203,42.323772666219455
1753,7,-71.07599059480738,42.32184566619757
1731,7,-71.07218459244862,42.32140166548649
1734,7,-71.0692275910068,42.321488666164576
1741,7,-71.06552359040161,42.32127166585144
174,7,-71.06151158909168,42.32036266641386
1742,7,-71.06347358905947,42.318576665299446
1743,7,-71.06518659127335,42.316985664761
1744,7,-71.06729459146436,42.31799266454794
1735,7,-71.07041259197764,42.319280664946284
1767,7,-71.07098359135584,42.316152663906635
1766,7,-71.07307759316373,42.31705066466841
1765,7,-71.07418859298137,42.318277665410896
1764,7,-71.07524459346835,42.318371664819594
1782,7,-71.07771859413154,42.31406366426225
1783,7,-71.0764005934647,42.31348966398384
1785,7,-71.0752445931157,42.31436666439205
1777,7,-71.0732385926555,42.313652664048405
1775,7,-71.07215559187566,42.313684664552284
1778,7,-71.07323859310296,42.31223466364038
1787,7,-71.0758595936994,42.31138966358576
1772,7,-71.07013459194721,42.31126066336222
1771,7,-71.06845159125719,42.312721663416
177,7,-71.06730959154403,42.3146266650445
1794,7,-71.07960759476714,42.30986366312566
1795,7,-71.07861159424208,42.310956663180185
1796,7,-71.07688359372965,42.310318664045475
1798,7,-71.07969459477312,42.30711466249505
191,6,-71.04726658452674,42.319605666662646
1911,6,-71.04468058380922,42.319547665990555
182,7,-71.03944858156011,42.31401966517465
1851,7,-71.04964458448727,42.31255366451045
1852,7,-71.04727258447416,42.31103766474586
1857,7,-71.04719958459482,42.30918666478129
1856,7,-71.05037658573438,42.309413663755144
186,7,-71.0525425858207,42.3108326639237
1818,7,-71.05056658566046,42.319849666354905
1824,7,-71.05453358792245,42.321505666323645
1825,7,-71.05324558737246,42.31903766642842
1823,7,-71.05674458765905,42.31859366514649
1831,7,-71.05962858839986,42.31883166547945
1833,7,-71.06164858890965,42.3183776649072
1877,7,-71.06271658876624,42.31600666451318
1837,7,-71.05939358888843,42.31673166532452
1842,7,-71.05672958691927,42.316926665285784
1841,7,-71.05671458705014,42.31540066521325
1843,7,-71.05261658662651,42.316893665846784
1847,7,-71.05345058618386,42.31383066487425
1848,7,-71.05283558660605,42.31363566523991
1861,7,-71.05504658696812,42.31232566507845
1862,7,-71.05724158802713,42.31294266437183
1871,7,-71.06005258831883,42.31438266449775
1872,7,-71.06025758837325,42.3125096639213
1875,7,-71.06303859002588,42.31362466440052
1873,7,-71.06217558969719,42.31262866381905
1876,7,-71.0633755889663,42.314512665199764
188,7,-71.06589359023815,42.31486966447694
1881,7,-71.06482459039516,42.31283466469317
1885,7,-71.06782559019935,42.310312663907716
1884,7,-71.06639159099691,42.309154663122285
189,7,-71.06216058893988,42.310702663964676
1864,7,-71.05943758788877,42.31087566436214
1865,7,-71.05792958813025,42.30998766373756
1896,7,-71.05844258722902,42.30757366361568
1899,7,-71.0616245887389,42.30788966376484
1895,7,-71.06265858915344,42.307584663780496
1892,7,-71.0650735897853,42.30802866378694
2112,5,-71.07578959434207,42.334419667883104
2113,5,-71.07697559479273,42.33361866784854
211,5,-71.0788485960764,42.335090667753256
212,5,-71.07994659558646,42.33423566811918
2122,5,-71.0810595965496,42.332979667394376
2121,5,-71.07933259605565,42.33203866753783
2123,5,-71.08089859647802,42.33106366732865
2124,5,-71.08313859676143,42.330663666906865
2127,5,-71.08343059646094,42.328660666634114
213,5,-71.08246459682545,42.32856366623798
2132,5,-71.08085459548504,42.328455666657604
2133,5,-71.07754659451486,42.327697666579596
2136,5,-71.08029859545229,42.32600866603968
2135,5,-71.07820459536144,42.325921666199264
2143,5,-71.08312359674579,42.32748066630533
2142,5,-71.08338759695368,42.325986665305365
2149,5,-71.08609559787193,42.32684266676064
2147,5,-71.08483659708058,42.32514266605546
2148,5,-71.0868125977532,42.3238326656955
2145,5,-71.08488059727331,42.32250166566112
2152,5,-71.0838405958987,42.3220576652671
2137,5,-71.07965459524034,42.32415766617247
2141,5,-71.0829035958823,42.324666666058256
215,5,-71.08249459571577,42.32324866582713
2138,5,-71.0800785952188,42.322620665924156
2139,5,-71.07953759569905,42.32149466581503
2151,9,-71.0817035958234,42.32074766555883
2153,9,-71.08280159684323,42.319762664803456
2157,9,-71.0818495951003,42.318257665146774
2156,9,-71.08530459617425,42.319600664869974
2159,9,-71.08603659715139,42.31900466468945
2165,9,-71.08653459650725,42.317056663822676
2164,9,-71.08294759552521,42.31637466438478
217,9,-71.08193759598439,42.31497766415119
2171,9,-71.08372359619418,42.31407966363625
2168,9,-71.08988659861508,42.317207663578706
2179,9,-71.09072159831092,42.315302663409945
2178,9,-71.08836459777366,42.31463166328382
2173,9,-71.08512959601977,42.31229366307319
2172,9,-71.08288959610157,42.311871663218746
2192,9,-71.08697359733988,42.31026966312278
2196,9,-71.08553859548113,42.30724866240586
219,9,-71.0890665977459,42.30757366199556
2191,9,-71.08807159790258,42.309349662791774
2182,9,-71.09218559950293,42.30994466323606
2181,9,-71.09053059877031,42.31188266266947
2187,9,-71.09263859866337,42.31300766350722
1554,4,-71.07982359656646,42.342173669681586
1553,4,-71.07975259701276,42.34407566926721
1552,4,-71.07721659545774,42.34430566917557
221,5,-71.08179359693364,42.34060966895575
2212,5,-71.08333159794469,42.33929966905528
2211,5,-71.08107559723202,42.33889866928475
2213,5,-71.08669959848399,42.33703666839424
2221,5,-71.08772459820834,42.33643066805912
2215,5,-71.08447359800165,42.33677766780685
2214,5,-71.08248159722888,42.33815166875285
2216,5,-71.08359459701194,42.3367776681845
2218,5,-71.08007959649395,42.3359656678966
2217,5,-71.07868859609533,42.33689666848112
2219,5,-71.0814565972776,42.33491566791052
2226,5,-71.08481059744027,42.334731667456126
2233,5,-71.08444459771195,42.33360566781621
2231,5,-71.08400459784218,42.33414666764348
2232,5,-71.08586459791992,42.33320466655945
2224,5,-71.08697759830613,42.334644667734445
2223,5,-71.08874959887099,42.33482866718357
2234,5,-71.08456159706195,42.331418666669755
2235,5,-71.08803159906584,42.330552666739194
2241,5,-71.09408060147177,42.3318516672201
2246,5,-71.09126859965329,42.330022666604435
2245,5,-71.0946076010151,42.33028266636833
2255,5,-71.09227859952348,42.328268665438415
2247,5,-71.09669460124086,42.3286986656787
2248,5,-71.09567660101726,42.327662666568074
2261,9,-71.09293760019987,42.326883665198515
2253,5,-71.09011159920418,42.327283665924575
2249,9,-71.09660860149064,42.326234666429606
2262,9,-71.09466560075867,42.325724666176335
2264,9,-71.09326059985074,42.3241336650705
2263,9,-71.09009659949086,42.32469666642258
2254,5,-71.08773959917787,42.32617966684379
228,9,-71.08959859819701,42.32345166541084
2283,9,-71.09194259941846,42.32158966550773
2266,9,-71.0915375994311,42.323008665583494
2265,9,-71.09557360005884,42.323408665445
2287,9,-71.0932165993302,42.32082166422052
2272,9,-71.09831260201247,42.324891665686685
2271,9,-71.09848860240943,42.322563665352504
2273,9,-71.09924960188589,42.32165466454934
2279,9,-71.09838560128314,42.32052866458979
2275,9,-71.09835660034679,42.31838566440375
229,9,-71.09520760086936,42.318850663932146
2286,9,-71.09347959897254,42.319781663899704
2284,9,-71.09031659886462,42.319208664929384
2285,9,-71.09219059863494,42.31799566414158
2297,9,-71.0949146005114,42.317151663779
2296,9,-71.09481259970083,42.31588466366546
2291,9,-71.09169359902472,42.316967664478625
2293,9,-71.09380159989941,42.3145316643408
2294,9,-71.09509060043356,42.313308662714974
2411,9,-71.10182160234528,42.32287666536195
2415,9,-71.10489660387478,42.322713664592236
2417,9,-71.10643360324188,42.32196666436093
2416,9,-71.10718060400869,42.32057066462534
245,9,-71.1123346059453,42.323926664386
241,9,-71.1099916050892,42.321977664263834
2454,9,-71.11185160640383,42.32058166410651
2453,9,-71.11385660624326,42.32133966453301
2452,9,-71.11562860735613,42.32111166414854
2451,9,-71.1150286071223,42.323547663885016
2456,9,-71.11956760850634,42.32157766361737
2458,9,-71.11640460656764,42.31855766348037
2457,9,-71.11280260585801,42.3179296630465
2428,9,-71.11044560594149,42.318881664069494
2427,9,-71.11035760478892,42.3195746637498
2426,9,-71.10987460522689,42.316521663644025
2429,9,-71.1086736053282,42.31805966381738
2437,9,-71.10488460357904,42.31716266426267
2441,9,-71.10308060284916,42.31667366414496
2412,9,-71.10517460393525,42.319260664187354
2413,9,-71.1025096032763,42.32033266465878
2442,9,-71.10107460232324,42.31651166332483
2445,9,-71.09839560084849,42.315699664371714
2448,9,-71.09794160076763,42.31357766266893
2447,9,-71.09772160045742,42.311704662591424
2432,9,-71.101587602537,42.31247366291773
2443,9,-71.10114760183114,42.31398866329853
2444,9,-71.1026416022549,42.31420566321636
2446,9,-71.10228960310988,42.31527766361179
2435,9,-71.10445660322819,42.31214866277004
2439,9,-71.10785360457562,42.31289566282514
2438,9,-71.1059216037583,42.31508266283699
2421,9,-71.1080886051262,42.314909663406745
2423,9,-71.1102256044429,42.31389166224336
2425,9,-71.11106060456524,42.31615366293921
2459,9,-71.11400360570559,42.315980662727384
246,9,-71.11697560736374,42.31552666361422
2461,9,-71.1141496065476,42.3132096622744
2462,9,-71.1144136057982,42.31160766156011
2463,9,-71.11551160577284,42.309745661777384
2464,9,-71.11761960700049,42.31170466183548
2466,9,-71.11883560819338,42.31122866227877
2468,9,-71.12073860835069,42.31339366257342
2472,9,-71.12365260997169,42.31615366268289
2471,9,-71.1252186106759,42.31182366177082
2483,9,-71.12744561000703,42.31185666220104
2482,9,-71.12928961070794,42.309680661357056
2484,9,-71.13321361185221,42.309485661528655
2485,9,-71.12747361036604,42.307926661467256
2486,9,-71.12770861077462,42.3067796611435
2487,9,-71.12570260976413,42.3070066610052
248,9,-71.12264260938667,42.30839266137922
2494,9,-71.124267608527,42.30605466051274
2496,9,-71.12540960910373,42.3028396602426
2495,9,-71.12937760993334,42.30423566048516
2465,9,-71.12012360840906,42.30891266171024
252,9,-71.10874760439337,42.31123866176441
2521,9,-71.11070160515578,42.31206766247874
2523,9,-71.11210560604022,42.3108276618169
2524,9,-71.10893660417234,42.310595661732656
2527,9,-71.11138360556302,42.309041662056565
251,9,-71.11447360571847,42.31043366291065
253,9,-71.1099406046319,42.30780066236589
2511,9,-71.11847360688326,42.30703466121238
2515,9,-71.11870860737838,42.305665661488675
2514,9,-71.11513260655494,42.306327661691995
2516,9,-71.1163406064603,42.304981661114546
2534,9,-71.11133660505271,42.30541066156114
255,9,-71.10702360363562,42.30696566095483
2541,9,-71.1045766036141,42.30941266238052
2545,9,-71.10249060201754,42.308855662534924
2547,9,-71.10265760218105,42.30666566210834
2551,9,-71.10929760450077,42.30467966194351
2554,9,-71.10697660366405,42.30355466050822
2553,9,-71.10558060269413,42.30474966130805
2555,9,-71.10441960234212,42.30277766084452
2557,9,-71.10813660279231,42.30024866079061
2552,12,-71.11123960445474,42.301167661191016
2559,12,-71.11108260455589,42.29935066078129
256,12,-71.11351660454093,42.299924659750495
2567,12,-71.11309360536873,42.298439659736715
2568,12,-71.11285860518348,42.29668765913769
2562,12,-71.11610460561326,42.296084659050116
2561,12,-71.11547760605401,42.29743065944309
2564,12,-71.11637160628061,42.29397365860312
2577,12,-71.11632460524463,42.292291658625864
2578,12,-71.11389360480598,42.29245465864994
2571,12,-71.11795560643915,42.291189658631566
2573,12,-71.11841060578587,42.28802365742749
2574,12,-71.11635560602907,42.28849865773922
2586,12,-71.11317160392467,42.28883465849414
2588,12,-71.11047360270557,42.28703765812758
2584,12,-71.11549360547409,42.28643365782772
2589,12,-71.10244260072004,42.29244265917868
2616,12,-71.11809060632758,42.29587365918342
2617,12,-71.12034860667752,42.29371565960214
2618,12,-71.12138360719666,42.29278765886891
2619,12,-71.12249660726894,42.29170865821195
2621,12,-71.12414260839365,42.29022465755308
2624,12,-71.12589860893605,42.288646656972425
2625,12,-71.12387660707691,42.286744657101494
2628,12,-71.1233586073503,42.286013657345364
2631,12,-71.12741960959445,42.28710365705013
2632,12,-71.12665160910821,42.28556165766739
2641,12,-71.12720060893204,42.28492365685463
2634,12,-71.1244406071308,42.28390265728291
2638,12,-71.12248060710377,42.28180265588704
2635,12,-71.12201060695737,42.28437865662524
2636,12,-71.1206936064876,42.28472665656642
2626,12,-71.12108560662226,42.28702265757953
2639,12,-71.12072460664841,42.28067765672466
2649,12,-71.12080260685465,42.27930965605877
2651,10,-71.12933261004763,42.28210465649986
2644,12,-71.12655760815929,42.2812696555292
2647,10,-71.12688660812934,42.279367655996516
2658,12,-71.1236876067045,42.278056655262986
2653,10,-71.13063461008778,42.27972665623522
2654,10,-71.12981860989807,42.27776665585412
2666,12,-71.12562660795757,42.27591465568433
2661,10,-71.13334660990465,42.278056655401265
2663,10,-71.12947360805971,42.27553965473767
2662,10,-71.13173160970042,42.27585265532617
2678,12,-71.12691860758473,42.27382265505861
269,12,-71.1247696080949,42.27254665465756
2668,12,-71.12362560666554,42.273613655030374
2691,12,-71.12572660680013,42.27089965466347
2692,12,-71.12483260624643,42.268266653820156
2693,12,-71.1247966069733,42.26598065283037
2683,10,-71.1319046102987,42.27115465452618
2688,12,-71.1295206085945,42.267361653207224
2696,12,-71.12858060795189,42.26545965299415
2695,12,-71.12751360760413,42.265586652939874
2594,12,-71.10959160354192,42.284668656785044
2592,12,-71.11299460377737,42.28377465717734
2591,12,-71.11603660504375,42.2831026572507
259,12,-71.11890560544347,42.28189565656722
2593,12,-71.11380960405917,42.281176655973375
2597,12,-71.11660060516093,42.27882165597409
2596,12,-71.11896860531326,42.279970656089866
2598,12,-71.11914060532389,42.27862465632686
3721,12,-71.11854560586055,42.27640965582412
372,12,-71.11983060605337,42.27485465482743
3722,12,-71.12053660632417,42.27034265438204
3727,12,-71.11733760380696,42.269658654401
2711,10,-71.13349561206934,42.30157466047347
271,10,-71.12789760920886,42.30017066046374
2712,10,-71.13021861027646,42.29793265935226
273,10,-71.13366861118546,42.29634365861845
2729,10,-71.14555461534422,42.297271658502005
2737,10,-71.14343761476006,42.29313165737069
2738,10,-71.14552361595656,42.291879658197814
2736,10,-71.14273161491907,42.29126465784119
2735,10,-71.13986261367064,42.29358365809438
2745,10,-71.1391726125217,42.291786657085666
2734,10,-71.13606761220639,42.29443065856984
2743,10,-71.13409161187194,42.29218065755705
2744,10,-71.13589461158165,42.290603658052945
2756,10,-71.13258661069332,42.29061465854827
2755,10,-71.13045361036231,42.29269065832636
2751,10,-71.12796060907176,42.29096265821216
2752,10,-71.1299676102845,42.289466657019865
2754,10,-71.13208461099825,42.288481657639046
2757,10,-71.13534561067883,42.288434657498776
2753,10,-71.13217861057812,42.28740265670605
2791,12,-71.12890060920853,42.285674657615836
2792,10,-71.13029660903494,42.284329656969554
2793,10,-71.13268061012462,42.28221865632786
2766,10,-71.13570661129764,42.28402765677855
2769,10,-71.13735361298001,42.28260165581756
2794,10,-71.1341076104155,42.28087365585158
2795,10,-71.13553461157835,42.27953965537744
2797,10,-71.13871761239677,42.276895655020425
2787,10,-71.14048961297556,42.278020655318024
2796,10,-71.13691461148474,42.27831065543387
2784,10,-71.14340661390544,42.28073465526103
2778,10,-71.13867061292814,42.281603655529764
2759,10,-71.14404961423509,42.28706665633157
2747,10,-71.14469161383644,42.28821465739848
2758,10,-71.13975261326206,42.28769265646404
2746,10,-71.1417436148594,42.289663657145965
2816,10,-71.1501736168933,42.2949926581913
2814,10,-71.14937361592074,42.293113657586524
2815,10,-71.14600261560551,42.293681657697874
2813,10,-71.14838561657163,42.291257657748105
2828,10,-71.15224261664444,42.29302065752003
2829,10,-71.15431261801466,42.29295165773845
2831,10,-71.15512861811523,42.29377465848037
2832,10,-71.15832662054324,42.29472565838796
2838,10,-71.15782461891311,42.29576965807449
2839,10,-71.15925162012752,42.299156658677845
2858,10,-71.16690562309569,42.30208265902582
2848,10,-71.16453562087193,42.29480665789227
2847,10,-71.1630776211089,42.29371665807373
2835,10,-71.15959661924845,42.29177965722915
283,10,-71.15558261878775,42.292104657397815
2822,10,-71.1527286170818,42.29093265710771
2812,10,-71.15051861704443,42.289529656799914
2811,10,-71.14857361563959,42.28875265723246
2823,10,-71.15329361684375,42.28908865738486
2826,10,-71.15561461871062,42.28920465689315
2821,10,-71.15489261853794,42.28617665609602
282,10,-71.15219561691177,42.287545656742715
281,10,-71.14995361699206,42.28719765663349
284,10,-71.15646061793464,42.285086656134155
2843,10,-71.1589696194502,42.28787065642184
2841,10,-71.16016161944165,42.28690765709364
2844,10,-71.16144662040256,42.28608465675562
285,10,-71.15766861864938,42.28297565544101
2851,10,-71.16080461924653,42.2826276555345
286,10,-71.16288962077181,42.28062065520516
2862,10,-71.16558662128539,42.280725654310864
2863,10,-71.16599462127651,42.28202465492341
2861,10,-71.16528862098305,42.28376465615876
2852,10,-71.16307762076073,42.28517965601763
2853,10,-71.16539862139575,42.28513265532098
2865,10,-71.1685186227734,42.28529565577273
2866,10,-71.16801662306192,42.28805665641556
2867,10,-71.17049462378579,42.28807965591901
2845,10,-71.16528862146859,42.29003965696185
2842,10,-71.16208962132488,42.289749657093445
2834,10,-71.15918961983273,42.28996965741438
2846,10,-71.16588462236427,42.29304365678952
2856,10,-71.16867562247795,42.29104865624717
2884,10,-71.1757526241508,42.279589654823305
2883,10,-71.17130962249848,42.27752365431802
288,10,-71.16552462178743,42.27679265385157
2881,10,-71.16850362131143,42.27482065389153
2886,10,-71.17165462244556,42.27229165374216
2888,10,-71.1726586226656,42.271468653163744
2882,10,-71.16860862068414,42.26614065159433
2889,10,-71.1713056218078,42.26810865238581
2887,10,-71.17011462156458,42.27002265262032
293,10,-71.15689361849135,42.28409665593257
2913,10,-71.15281761787323,42.28488565551478
2916,10,-71.15308361642009,42.28348165571289
2917,10,-71.14936861589617,42.28137165498782
2918,10,-71.14659361488818,42.27948065482787
2922,10,-71.14541761400443,42.27725465460421
294,10,-71.14369361356033,42.272940654109775
2937,10,-71.14560661527007,42.27500465462011
2938,10,-71.14809861505475,42.27380965442342
2939,10,-71.15002661585717,42.27241865342715
2935,10,-71.15073261567433,42.275850654344644
2934,10,-71.15302161641603,42.27702265472745
2933,10,-71.15651761809511,42.276964654366274
2932,10,-71.15531061751582,42.27881965481952
2931,10,-71.15811661901326,42.28061765487779
2951,10,-71.15995061880146,42.27821665502002
2953,10,-71.16040561898232,42.276500654039225
2952,10,-71.16310162019118,42.27583965444648
2954,10,-71.16021761981122,42.27480765443301
296,10,-71.16107961877617,42.272557653255284
2958,10,-71.16192561972,42.27117765350251
2969,10,-71.16504562088211,42.27160665320037
2968,10,-71.16317961967016,42.27078265271712
2961,10,-71.16183161924224,42.26868365314156
2962,10,-71.16477962053935,42.26868365322516
2967,10,-71.16606462000246,42.26693265202665
2982,10,-71.16081261821947,42.267211652585715
2966,10,-71.16401062020051,42.26595865147166
2963,10,-71.16291361897294,42.26588865213475
2983,10,-71.15797561833749,42.26414965208539
2964,10,-71.16504561975981,42.26314065198113
2965,10,-71.16339961860685,42.26289665165616
2986,10,-71.15951161800618,42.26227065153326
2987,10,-71.15797561773208,42.261656652050796
2995,10,-71.15847261709729,42.26026665082178
298,10,-71.15706561766619,42.26126165110851
2994,10,-71.15999761818979,42.25889565092987
2997,10,-71.15877461794238,42.2579686507577
2996,10,-71.15614161733227,42.25735365006248
388,10,-71.14513561381182,42.25760865092391
297,10,-71.15051261516379,42.259603651480084
2972,10,-71.15251961495404,42.260449652054476
2974,10,-71.15204961524877,42.26185365179429
2973,10,-71.15087361602974,42.262154651673235
2971,10,-71.1491026142053,42.262688651943584
2979,10,-71.1554356175639,42.2629316514698
299,10,-71.15471461729611,42.26359265237228
2978,10,-71.15372661619908,42.26454365193265
2975,10,-71.1521436152754,42.264242652314685
2976,10,-71.15032461492088,42.26395265238163
2977,10,-71.15120261617554,42.26665465299856
2948,10,-71.1485376148553,42.26895065357776
2941,10,-71.1450736135689,42.271861653975506
311,7,-71.07514159281432,42.308225663339115
3115,7,-71.07216359196809,42.308596663012224
3126,7,-71.07112859184275,42.30773866346438
3127,7,-71.06942859045239,42.308020662426856
3123,7,-71.06700259105085,42.30625766281133
314,7,-71.06361558872808,42.30630366232885
3122,7,-71.07003459168467,42.305530662883385
3121,7,-71.07407059185778,42.30489666203882
3131,7,-71.07154059124328,42.303489662886896
3134,7,-71.06846658960951,42.303968662189305
3135,7,-71.06585258923509,42.304587662133024
3137,7,-71.06461859018293,42.30404666227789
3133,7,-71.0678185911759,42.302221662241095
3151,7,-71.06351058789781,42.3020356620447
3144,7,-71.06146158902578,42.30291766219245
3153,7,-71.06735858943458,42.30101566111648
3155,7,-71.064828589674,42.29946966196844
3156,7,-71.06380358833488,42.30082966215683
3148,7,-71.05983058796404,42.30149466260569
3191,7,-71.06376158949533,42.29778366162311
3195,8,-71.06311358839034,42.295649660527566
3196,8,-71.06135658786104,42.29616066060557
3186,7,-71.05972558806151,42.29544866120033
319,8,-71.06068758818118,42.298572661586434
3182,7,-71.05811558696085,42.299360661756786
3184,7,-71.05661058581079,42.297350661764554
3146,7,-71.05897258767398,42.305174663194244
3162,7,-71.056944587085,42.305128663669954
3165,7,-71.0542675854632,42.30386066333857
3161,7,-71.05807358695648,42.30365966282292
3164,7,-71.0563175867171,42.30226766201082
3166,7,-71.05353658530419,42.30205166243646
3174,7,-71.05033658518292,42.30130966190006
3175,7,-71.05223958490873,42.29982466148351
3177,7,-71.05094358543148,42.29929966180413
3178,8,-71.05146558514107,42.29733566191225
3171,8,-71.04931258316152,42.29793866209115
317,7,-71.04824558316189,42.29838666147857
12-317,7,-71.04598758297362,42.301278662746824
324,8,-71.05349458549095,42.295990661780905
3244,8,-71.05240658560946,42.2944286614405
3217,8,-71.05470758568428,42.29370166068879
321,8,-71.05619158598134,42.29501566149647
3213,8,-71.05884758709713,42.29351566107737
3215,8,-71.05953758659896,42.29258865986144
3247,8,-71.04817858271612,42.291803661262925
3248,8,-71.04717958311808,42.29469166176342
325,8,-71.04500458232529,42.29065566064521
3251,8,-71.04314358109518,42.290330660963924
3249,8,-71.04732558282309,42.28875366044704
3232,8,-71.05077558343461,42.28784166045019
3297,8,-71.06173358751147,42.285583658538556
3295,8,-71.06062458690451,42.28335665958313
3294,8,-71.05939158654523,42.28417665835435
3279,8,-71.05516758485234,42.281315658390184
3274,8,-71.05422658415665,42.2789346580376
3273,8,-71.05188458377961,42.27925965835012
3272,8,-71.04987658281908,42.27993965877995
3278,8,-71.05401758389603,42.28054265841582
3276,8,-71.05186358394896,42.281052659240736
3275,8,-71.04954258288974,42.281640657998146
3266,8,-71.05037858410522,42.28332565858635
3263,8,-71.05290858498427,42.28420765955326
3281,8,-71.0518845834634,42.285212658567914
3261,8,-71.04950058310841,42.28507366012343
3268,8,-71.04680258201935,42.283898659792236
326,8,-71.04703258252196,42.28573865879099
3257,8,-71.04349858068973,42.286155659686074
3256,8,-71.04105258089292,42.28513565963495
3255,8,-71.04063358063487,42.28691365944956
3258,8,-71.04538058190785,42.28695966024359
323,8,-71.04853858359107,42.28617165978969
328,8,-71.05184258502744,42.28692865967029
3253,8,-71.03975558079901,42.29156766095965
3352,7,-71.08259159529457,42.3077196628378
3355,7,-71.0805195945715,42.30534666236567
3356,7,-71.0823385943292,42.30419866180337
3358,7,-71.0850825962852,42.30341066168054
3343,7,-71.07855859346418,42.30338666195713
3346,7,-71.07975059461835,42.30124166201321
3364,7,-71.08365559532133,42.30090466102534
3361,7,-71.085804596222,42.30132266147401
3338,7,-71.07506159203676,42.3039556621601
3336,7,-71.07514059203196,42.30149666237599
3342,7,-71.07595559367371,42.300858661488554
3335,7,-71.073195591768,42.30235466216824
3332,7,-71.07200359204259,42.301287661578485
3331,7,-71.07106259128503,42.30012766159594
3327,7,-71.06822359094551,42.299826660983456
3328,7,-71.07220759187942,42.29872466110712
3325,7,-71.0707805912896,42.29764566086107
3376,8,-71.07277159243371,42.2978316617916
3321,7,-71.07027859168306,42.29602166075457
3377,8,-71.07630059278638,42.29723966068253
3373,7,-71.07711659299588,42.29779666033473
337,7,-71.07884159419952,42.299791660974414
3375,8,-71.07361859202994,42.299373662041816
3323,7,-71.06706358889862,42.2968566618625
3316,8,-71.06875759081836,42.29415466035722
332,8,-71.07209759048169,42.29545366006931
3315,8,-71.070215590992,42.29269266025348
3314,8,-71.07179959157236,42.29289066004154
3385,8,-71.07499859264692,42.293110660809546
3387,8,-71.07742959260219,42.29261165956609
3384,8,-71.07419959248321,42.29414266108477
3383,8,-71.07645759255219,42.29472266068959
339,8,-71.08039359459192,42.29639266020043
3394,8,-71.08033059356184,42.29263465995374
3397,8,-71.08304459455961,42.29345865992188
3396,8,-71.0843455956936,42.29590566040078
3611,7,-71.08782759619648,42.29494266080813
3613,12,-71.0932535979065,42.29458365978923
3616,12,-71.08966259647596,42.29319165891135
3367,7,-71.07982959414088,42.29904866128405
3366,7,-71.08291859560877,42.29872466105561
3421,8,-71.07515559248638,42.29118565986503
3422,8,-71.07520259138033,42.290175659621035
342,8,-71.07168959099226,42.290187659510764
3425,8,-71.07310159100558,42.289259659148016
3426,8,-71.07473259176602,42.288842658716256
3427,8,-71.07746159211248,42.28804165917046
3428,8,-71.07954659395055,42.28635965879738
3429,8,-71.0804565930227,42.28544365903376
3496,8,-71.08229159359138,42.28386665734485
3495,8,-71.08017459240372,42.28250965763133
3492,8,-71.07854359207555,42.28044465821218
3489,8,-71.07550059155915,42.28035165798516
3435,8,-71.07615959127345,42.28296165868294
3434,8,-71.07156459088931,42.283912658910744
3485,8,-71.07274058983529,42.27945865762485
3488,8,-71.07476359169637,42.278159657595324
3487,8,-71.07212859065015,42.27626965685513
3483,8,-71.07104658951913,42.281268658636684
347,8,-71.06809858807719,42.27216365638476
3476,8,-71.06765958857775,42.27390365645162
3477,8,-71.06720458816818,42.2755036567741
3478,8,-71.06963558988531,42.275735656952925
3471,8,-71.06472658707985,42.27127065634328
3465,8,-71.05757558627744,42.2801196582116
3463,8,-71.05889258631322,42.28199865803175
3462,8,-71.06132358692024,42.28127965871896
3461,8,-71.06337858697957,42.28064165818242
3459,8,-71.06505658748566,42.28297365812375
3452,8,-71.06689058869082,42.28340265883668
3457,8,-71.06590258810223,42.27986465868322
3456,8,-71.06648358842227,42.2779626574179
3481,8,-71.06955759009807,42.27880965797624
3441,8,-71.06563658848528,42.28484065827264
344,8,-71.06425658820793,42.285861659062164
3418,8,-71.065322589522,42.28952665950401
3412,8,-71.06320558848519,42.2898396600369
3447,8,-71.06834958916055,42.28869165904693
3445,8,-71.06874158947807,42.28662665956718
3432,8,-71.07120358989137,42.2863136590411
3446,8,-71.07115659073281,42.288702659951085
3417,8,-71.06692258974272,42.29003665987761
3416,8,-71.06866359010749,42.291092660114884
3517,8,-71.0829575952734,42.28998165941895
3516,8,-71.08701859677419,42.289426658255586
3524,8,-71.08795159630225,42.28835765906381
36,12,-71.08924959709108,42.290847659623616
362,12,-71.09152359734018,42.2923146590751
3526,8,-71.0859935954293,42.28672065874213
3522,8,-71.08330559441914,42.2873426581409
352,8,-71.08078059340788,42.28791065925063
3536,8,-71.08635959472876,42.28547565878529
3535,8,-71.0846035947089,42.286016657998125
3531,8,-71.08262859495775,42.28542065841927
3537,8,-71.08681759548715,42.28395965850749
3538,8,-71.08897559617756,42.28301265750362
3533,8,-71.08537259506488,42.28266065776538
3532,8,-71.08416459417737,42.28318865772317
3544,8,-71.08976259636923,42.28137465756295
3546,8,-71.08857359605447,42.27996765655585
3547,8,-71.0899455961622,42.27858765725659
3542,8,-71.0869815949707,42.28161865831392
3541,8,-71.08310359336667,42.28164565761878
354,8,-71.08257359325403,42.280413657009866
3556,8,-71.08112859251844,42.279412658000965
3555,8,-71.08356159399784,42.2785326575544
3565,8,-71.08037859310681,42.277910657334516
3548,8,-71.0926335975615,42.27654365671501
3551,8,-71.08806059498433,42.27497365591367
3553,8,-71.08593959543401,42.27738265720797
3566,8,-71.08248159327174,42.27569165622543
3569,8,-71.08120159308665,42.27418965580202
358,8,-71.08449459479559,42.27401365597451
3581,8,-71.08615859562246,42.27408065598972
3567,8,-71.08123859307216,42.27670665631748
3583,8,-71.08701859540577,42.272795655899465
3582,8,-71.08484159432588,42.272714656317746
3584,8,-71.08573759383849,42.27153665556835
3585,8,-71.0837255934824,42.271266655893626
3586,8,-71.08052459238108,42.2713606552416
3587,8,-71.08206159291133,42.27007565565099
3595,8,-71.08751259429468,42.27029165542167
3594,8,-71.0899995961599,42.269994655189066
3575,8,-71.07622659128944,42.271550656664125
357,8,-71.07355559044336,42.27138765562524
3571,8,-71.07187259014805,42.27399965664517
3574,8,-71.07558559185014,42.27336365702317
3577,8,-71.0789695923356,42.27341765607618
3578,8,-71.07816559194053,42.27516365586338
3568,8,-71.08043359240848,42.27552865720753
3564,8,-71.07847559192372,42.27685465725623
356,8,-71.07902459174069,42.27831665765445
3561,8,-71.07765259231525,42.277396657038906
3563,8,-71.07393959032207,42.275921657025904
3528,8,-71.08877659627615,42.28610765881353
3572,8,-71.07206758997145,42.27190865599888
3621,12,-71.09216059771788,42.28896265888112
3622,12,-71.09395359805474,42.28764865935656
365,12,-71.09590259821891,42.28974165893628
3631,12,-71.09592059849025,42.28610465844775
3627,12,-71.09290159723493,42.285300658513975
3632,12,-71.09762759929167,42.28436965844016
3633,12,-71.09578259804705,42.284063657259495
3635,12,-71.09554059845564,42.28315765777927
3637,12,-71.09341959720334,42.281817656980586
3644,12,-71.09569559854697,42.28144765680182
3645,12,-71.09595459911003,42.2803886569506
3641,12,-71.09959359949903,42.282315657312054
3647,12,-71.09543759796169,42.27867865645288
3652,12,-71.09830059881705,42.27844965624203
3651,12,-71.09619659821618,42.27560365617548
368,12,-71.10212959972299,42.274953655286836
3673,12,-71.0999565991145,42.27372865583205
3681,12,-71.10509560060625,42.27422565575294
369,12,-71.10916660213988,42.274391655266136
3697,12,-71.1101836028374,42.270780654213546
3692,12,-71.1071826013322,42.272222655371976
3672,12,-71.10340560098375,42.27102365535816
3694,12,-71.10554460084919,42.27053865515882
3696,12,-71.10818260214957,42.268241654169884
3663,12,-71.10338859991525,42.26549865431679
3695,12,-71.10254359963227,42.267948654590114
3661,12,-71.10087059929808,42.26648065481378
3666,12,-71.10423359971062,42.26256365273694
3667,12,-71.1023185992961,42.26173465339452
3668,12,-71.10361259973813,42.26043265379273
3662,12,-71.1017845993726,42.263712653312794
3665,12,-71.09890359840206,42.264107653588596
3664,12,-71.0974035980108,42.26390365462058
366,12,-71.09823159869455,42.26557465383857
3657,12,-71.09667959753291,42.26930065475693
367,12,-71.09828359809636,42.27025765469197
3671,12,-71.10064559973813,42.27047465528419
3717,12,-71.11089160219632,42.26910965504641
3728,12,-71.11311560306909,42.269172654663016
3716,12,-71.11375360343894,42.26810165408122
3714,12,-71.10890860150985,42.26318965276054
3712,12,-71.10649460052016,42.26344465352526
3719,12,-71.10952960222461,42.26193965268491
3713,12,-71.11121860157509,42.261607652653666
3737,12,-71.11359860301216,42.261135653656794
3715,12,-71.11082260242785,42.26607265303067
3718,12,-71.11420160367442,42.26501465386619
3738,12,-71.11454660390045,42.26288365358754
3724,12,-71.117977605333,42.26407065362143
3725,12,-71.11687360392563,42.267004653709606
3723,12,-71.12102860521826,42.26590765333802
3731,12,-71.12159760534983,42.26270565289545
3732,12,-71.11894260411344,42.261900652629954
3736,12,-71.1156496033826,42.26043465243948
373,12,-71.12094260577643,42.26098265180346
3734,12,-71.12011560473437,42.25968165228003
3733,10,-71.12282160508786,42.26049865238797
3741,12,-71.12120160458922,42.258214651933834
3748,12,-71.1196326047148,42.2574366518857
3735,12,-71.11802860473803,42.258724652549745
3747,12,-71.11646060328896,42.257819651225006
3746,12,-71.11802860404894,42.256466652040736
3743,10,-71.12409760554408,42.25584165149869
3753,10,-71.12432260529492,42.254183651011175
3752,10,-71.12227060582961,42.253673651332846
3751,10,-71.12001160412302,42.25345665065067
3744,12,-71.12123560492323,42.25586765228395
3745,10,-71.12005160453286,42.25482065108132
3767,12,-71.11101160170736,42.25388965119945
3765,12,-71.1136676032385,42.25266565134685
3766,12,-71.1117366025841,42.25080265119292
3763,12,-71.11832260440721,42.25253765042147
3764,12,-71.11668460298579,42.250955650206066
3774,12,-71.11463260290371,42.249067650080285
3772,12,-71.11825360391641,42.24989665106057
3771,12,-71.12113260503791,42.25076465029237
3781,12,-71.12028760449344,42.247919650472205
378,12,-71.12352860534173,42.248965649655034
3784,12,-71.12113260447985,42.24539364891192
3773,12,-71.11652860261962,42.24805965024376
3782,12,-71.12335660519221,42.24612064940864
3787,12,-71.12545960595845,42.246860649852394
3786,12,-71.1243566055765,42.243531649624046
3792,12,-71.12456360562726,42.24261264876165
3789,12,-71.12625260649652,42.24259964902058
3791,12,-71.12504560480672,42.24023964911657
3759,10,-71.12952760786115,42.2446406488909
3758,10,-71.12890760656833,42.24623564904596
3757,10,-71.12694260695679,42.24854565028213
3756,10,-71.12639060581188,42.2497196507569
3755,10,-71.1256156062091,42.251340650576104
3754,10,-71.12314960619824,42.25234865066568
3818,10,-71.12642560750773,42.26184365260039
3817,10,-71.12746460768886,42.26042065238282
3815,10,-71.12871860752803,42.25833365195763
3816,10,-71.12680460712559,42.25726165198391
3819,10,-71.12806360758943,42.257108651719065
3822,10,-71.12814960760909,42.25504165119358
3821,10,-71.12718360712032,42.25385465124867
3823,10,-71.13028660881596,42.25499065089589
3824,10,-71.13271760829092,42.25402065092858
3825,10,-71.13094260791304,42.25225964989323
3827,10,-71.13005960725957,42.251220651019366
3826,10,-71.13233860913245,42.2519016508426
3828,10,-71.12961460772402,42.248226649287936
3831,10,-71.13101060827455,42.249209650188305
3832,10,-71.13363160873426,42.24769065012482
383,10,-71.1344936090156,42.24996165014884
3829,10,-71.13557960875157,42.25048565010829
3834,10,-71.13361460843085,42.244525649096985
3846,10,-71.13101060815258,42.24082464896125
3847,10,-71.13216660725166,42.23931864807918
3835,10,-71.13478660880999,42.24185864877401
3844,10,-71.13751060944058,42.24049264863003
3841,10,-71.13828561072732,42.24392564886844
3853,10,-71.129976606927,42.23800464750814
3851,10,-71.12828760590953,42.2373026479118
3854,10,-71.13180360771106,42.23726364746287
3856,10,-71.1308736073084,42.236957647828945
3857,10,-71.1308216062001,42.234915646595155
3858,10,-71.13357960812519,42.23565564743693
3855,10,-71.133562608236,42.23372864661585
3859,10,-71.13056260765808,42.23301464677722
3845,10,-71.13564860885984,42.23823364771551
3862,10,-71.14009660999422,42.238999647979654
3843,10,-71.14116561068633,42.24104164803946
384,10,-71.14254461139353,42.242279648245024
3842, ,-71.14376761246045,42.24294264836281
3833,10,-71.13697561002914,42.24654164993901
3836,10,-71.13949261029347,42.24943864968254
3837,10,-71.13949261087386,42.2520036508088
3876,10,-71.14328561165026,42.25044664920786
3877,10,-71.14514761209234,42.25012765002013
3875,10,-71.14456161201021,42.25215665059907
3874,10,-71.14242361207539,42.251518649328204
3871,10,-71.13940661088976,42.25396965087927
3873,10,-71.1409756123104,42.255360651174946
3882,10,-71.14009661214817,42.25851265150802
3814,10,-71.1251496067147,42.25903565214956
4181,3,-71.06934059666175,42.39159767845722
4184,3,-71.07501559756501,42.38504267684554
4188,3,-71.07845259846307,42.38423967765464
4187,3,-71.07924759938213,42.38236367752641
4185,3,-71.07539559690721,42.38355067782278
4175,3,-71.07325459674074,42.38314167775162
4173,3,-71.0716995962634,42.38346067731616
4172,3,-71.07097459543066,42.38131767668575
4174,3,-71.07240759611881,42.38185367752932
4179,3,-71.06828059459986,42.38352467776287
4178,3,-71.06862559451992,42.381942676979754
417,3,-71.07126859593907,42.37992767747834
418,3,-71.071475595448,42.38052667681713
4166,3,-71.06472259362774,42.38212167755984
4153,3,-71.0663115937774,42.37969767647906
4167,3,-71.0644285935613,42.37988867695672
4165,3,-71.06532659361672,42.380309677315054
4171,3,-71.06852159487445,42.38088367719629
4154,3,-71.06786559494569,42.37826867693433
4164,3,-71.06233859344418,42.38107567771307
4163,3,-71.06311559360799,42.379174677012585
4162,3,-71.05890159227974,42.37967167752019
4148,3,-71.05672559054445,42.37907267632232
4145,3,-71.0570535906269,42.377095677182936
4146,3,-71.05912659108171,42.3777966766373
4161,3,-71.06054259320065,42.37829467641381
4151,3,-71.06387559319967,42.37733767576552
4141,3,-71.06285659251901,42.37632967597888
4142,3,-71.06045659188064,42.375360676394855
4143,3,-71.0581935917883,42.37589567660294
4127,3,-71.05741659162554,42.37469667604615
4192,3,-71.04903958891934,42.380781677506455
4191,3,-71.05201058956655,42.38067967765516
4147,3,-71.05446359021617,42.37912367694595
4121,3,-71.05954059130198,42.37192867575859
4124,3,-71.06088759206203,42.373127675665174
4135,3,-71.06425559316222,42.373357675468604
4115,3,-71.0630645920687,42.37278367550991
4133,3,-71.06809059425076,42.37416067564498
4137,3,-71.06904059479395,42.37649567529318
4139,3,-71.06589659336022,42.37659767576126
4114,3,-71.0622525920863,42.37339567568246
4113,3,-71.06206459292194,42.37207267515474
4116,3,-71.06359959329902,42.37182667580979
51,11,-71.11094260710976,42.35063566967377
511,11,-71.11577560983895,42.351234669910234
5113,11,-71.121300610181,42.35184666991137
5114,11,-71.12514961138287,42.35220467048516
5121,11,-71.12725561205109,42.35077566997323
5124,11,-71.12841261268791,42.352535669697644
5125,11,-71.12803261315945,42.35369667023515
5126,11,-71.12708361291256,42.354640670195245
5127,11,-71.13046661463605,42.35455166954964
5134,11,-71.13212561372441,42.35298267012664
5136,11,-71.13433361508937,42.35328867009391
514,11,-71.13108861371663,42.350443669308476
5138,11,-71.13329861368766,42.35031666890066
5141,11,-71.12998361376897,42.3491676686186
5144,11,-71.13212461509042,42.34816066853199
5143,11,-71.13297061432327,42.34923166934244
5294,11,-71.14912961967295,42.356171669117025
5293,11,-71.14624561918947,42.35540567004036
5292,11,-71.14419161897054,42.35492066958154
5291,11,-71.14256861817938,42.35451266975985
529,11,-71.14066861734237,42.3540276696193
5288,11,-71.14741961987166,42.35888867006982
5286,11,-71.14270661827499,42.35823867007018
5251,11,-71.13856261737102,42.3552656705643
5256,11,-71.13707761701242,42.35893967060267
5282,11,-71.14614261912497,42.360892670762006
5281,11,-71.14450161857361,42.36170867096966
5283,11,-71.14239561795043,42.362946671223035
528,11,-71.14065161730039,42.36241067098113
5271,11,-71.13738861658997,42.36288267162065
5274,11,-71.13661161712186,42.36017767062331
5266,11,-71.13360761641788,42.36341867151317
5264,11,-71.12975661382934,42.363214671109816
5261,11,-71.13265761470798,42.361415670598234
5249,11,-71.13288161504553,42.360177670684514
5247,11,-71.133106614419,42.35854467138272
5248,11,-71.13175961482236,42.360088670808764
5231,11,-71.128530614526,42.36193867176283
5234,11,-71.12884161433698,42.36031767153908
5226,11,-71.12744361314132,42.36488567229961
5221,11,-71.12266061274876,42.36380167168811
5225,11,-71.12474961269898,42.367259672519666
5227,11,-71.12131361244056,42.36613667188421
5229,11,-71.12447361300553,42.365893672878485
522,11,-71.12873861407593,42.37178867361044
5228,11,-71.12015661132654,42.3647716717371
5211,11,-71.11946661090299,42.36058567157332
5212,11,-71.12304061184801,42.359131671917076
5238,11,-71.12649361296023,42.357957670923874
5241,11,-71.13036161366647,42.356847670829886
5244,11,-71.1297056141774,42.35807267113911
5213,11,-71.12528461301339,42.36053467169909
5246,11,-71.1329166150446,42.3569756702385
5255,11,-71.13655961531674,42.357447670965826
5253,11,-71.1353336160091,42.35627367041651
5396,11,-71.17057362661441,42.3501746678807
5385,11,-71.16606762608484,42.349523667826354
5394,11,-71.1715926270874,42.349842668582994
5391,11,-71.16960662633394,42.348349667008414
5384,11,-71.16684462531929,42.34834966718002
5382,11,-71.16769062575389,42.346678667522006
5376,11,-71.16218262351819,42.346333668263576
5377,11,-71.16047262317741,42.34725266766381
5367,11,-71.15924762270761,42.34600166758282
5374,11,-71.16387462400037,42.34445866723892
5381,11,-71.16546262554273,42.34389666681871
5383,11,-71.16920962575591,42.34373066680691
5372,11,-71.16584262426696,42.34185566666855
5371,11,-71.16613662496601,42.340043666201204
5357,11,-71.15974762302271,42.340030666356554
5355,11,-71.15807262301792,42.33966066658989
5359,11,-71.1586606226017,42.342008666207406
5354,11,-71.1554836210448,42.340221666982266
5334,11,-71.15370461996434,42.34082166645139
5336,11,-71.15398062074121,42.3424676675058
533,11,-71.15386062024281,42.34272266706399
5368,11,-71.15767562265401,42.34454766682788
5337,11,-71.15337662035708,42.344521667464
5366,11,-71.15757262215965,42.34741866815814
5364,11,-71.15403262180904,42.347520667973
5328,11,-71.15120162057322,42.34582366813749
5325,11,-71.14736861903398,42.344891667305596
5323,11,-71.1451406182164,42.34413966763516
5322,11,-71.14612461857702,42.3425186671989
531,11,-71.141601616598,42.34151066708507
5313,11,-71.1450156175984,42.34191366686725
5317,11,-71.14593561862618,42.33945666645054
5315,11,-71.14755861799581,42.34063066720081
5332,11,-71.14859361816684,42.34170166717353
5331,11,-71.15056261932222,42.34097466681116
5345,11,-71.14926761933076,42.33865266588089
5348,11,-71.147316619067,42.33752966664311
5343,11,-71.15071762012992,42.33744066549572
5341,11,-71.15254761997946,42.338856666507695
5352,11,-71.15332462009233,42.33809166596634
5491,11,-71.17176462742522,42.352292668313865
5455,11,-71.16775962640762,42.35059566771355
549,11,-71.16816862646127,42.35126866899034
5481,11,-71.16888162544417,42.352955668585224
5495,11,-71.16972762614493,42.354282668572836
5497,11,-71.1724386273306,42.35434666876968
5482,11,-71.16516962576752,42.35341566956964
548,11,-71.16468562554356,42.35212666909878
5487,11,-71.16972762661553,42.3561456693823
5486,11,-71.16660262604863,42.356809670140805
5475,11,-71.16245862414748,42.35594166907048
5472,11,-71.16038662367198,42.35708966926808
5471,11,-71.15916062414847,42.35655366972454
5476,11,-71.16097362395325,42.355290669259354
5464,11,-71.15729662207818,42.35696266975514
5463,11,-71.15829762362523,42.358569670042044
5439,11,-71.15432662222933,42.35572466931222
5462,11,-71.15297962138106,42.35715366988306
5437,11,-71.15612162227778,42.355303669578255
5443,11,-71.15814262250619,42.35407866910686
5445,11,-71.16059362373224,42.35261166880671
5442,11,-71.15803862235873,42.35190966919616
5431,11,-71.15520662156013,42.350595668903274
5433,11,-71.1544816214399,42.35239466919114
5478,11,-71.16202662415594,42.354078669054225
5458,11,-71.16287262352873,42.352407668544565
545,11,-71.16209562422523,42.35076166891522
5454,11,-71.16541162540986,42.350289668240244
5451,11,-71.16335662414062,42.34912766804555
5447,11,-71.16050762398208,42.348974668000466
544,11,-71.15795262240428,42.34903866825876
543,11,-71.15572462190089,42.34914066871563
5422,11,-71.1536016215887,42.34912766769875
542,11,-71.15047562063663,42.34902566861744
5424,11,-71.15019962057175,42.351118668716005
5425,11,-71.15139162023969,42.352611669347894
5417,11,-71.14935361975924,42.35294366971578
5413,11,-71.14652261897791,42.352726669757764
5438,11,-71.1512706201061,42.35531666988679
5415,11,-71.14709161931367,42.35430866937073
6178,1,-71.03610958499537,42.38260667838689
6181,1,-71.03038558194336,42.38255067881447
6179,1,-71.03346358383851,42.38200567872905
6184,1,-71.03135258295497,42.38132867872829
6177,1,-71.03928958580744,42.382042677614926
6175,1,-71.03926358549946,42.3805396781359
6174,1,-71.03995058512196,42.37865967767326
6172,1,-71.0375345843846,42.37850967743292
6171,1,-71.03537158378188,42.379336677650194
6182,1,-71.0342775835059,42.380482677870084
6183,1,-71.03277658396385,42.379467677962715
6185,1,-71.0301565818166,42.379749678742535
6186,1,-71.02766358120928,42.38063367790952
618,1,-71.03017558220395,42.37905367786644
6187,1,-71.02924058195823,42.37834067782654
6167,1,-71.03048758186091,42.377043676741046
6166,1,-71.03244658346361,42.37614167783162
6168,1,-71.03407458318175,42.37740067697315
6164,1,-71.03595658423887,42.37602867657711
6173,1,-71.03911158514028,42.37717567719593
6192,1,-71.02679858091906,42.37668667792379
6165,1,-71.0332855837794,42.374524677460336
6162,1,-71.0364655845189,42.37345367650149
6155,1,-71.03819558438401,42.37189367613248
6161,1,-71.03478658326415,42.37255167717169
6141,1,-71.0339985835006,42.37189367565953
6156,1,-71.04056158620713,42.372720676706905
6154,1,-71.04094258564034,42.371029675969694
6152,1,-71.04386858640055,42.37080367550011
6151,1,-71.03974758497793,42.36886767564228
6136,1,-71.0409175854896,42.36751467549342
6135,1,-71.03875558378012,42.366612675399196
6134,1,-71.03687258389321,42.36578567453367
6116,1,-71.03448158228508,42.365597674700616
6117,1,-71.03303158231536,42.36597367508548
6112,1,-71.02931758176672,42.36522167459172
6113,1,-71.03020758177868,42.36398167534887
6114,1,-71.03076758218228,42.366518675707674
6118,1,-71.03206458194293,42.36713867527578
6146,1,-71.03402358286723,42.36805967568616
6139,1,-71.03524458276054,42.36777767515119
6145,1,-71.0363385837266,42.36899967584439
6142,1,-71.03471058421161,42.37025867632651
6143,1,-71.031988582343,42.37069067611108
613,1,-71.03842458455303,42.368285675605954
6153,1,-71.03898458567052,42.370258675400365
6195,1,-71.0228815796319,42.378321677665674
6211,1,-71.02560358027017,42.38125367862603
6212,1,-71.02265258061149,42.38386567936227
6223,1,-71.0155035774134,42.38448667945824
6214,1,-71.0191925795283,42.383865679293095
6213,1,-71.0225505806445,42.38176067928532
6216,1,-71.01914157868677,42.38076467921863
6199,1,-71.01809857866702,42.381046678871705
6217,1,-71.01710657853545,42.38072767946587
6219,1,-71.01458857725726,42.38089667885626
6218,1,-71.01580957829879,42.38264467903943
6227,1,-71.01306157671691,42.38604667938817
6228,1,-71.01125557621974,42.386854679967065
6229,1,-71.01089957596722,42.38615867979033
6258,1,-71.01018757719424,42.39347068116143
6256,1,-71.00855957595552,42.3925496815826
6255,1,-71.01105257696085,42.39207968110323
6236,1,-71.00960257665653,42.39149668157417
6251,1,-71.00479457486166,42.39207968129603
6253,1,-71.00372557442584,42.39245568112884
6252,1,-70.9990455726275,42.39036868107141
6248,1,-70.99929957255543,42.3897116807679
6237,1,-71.00632057583405,42.39097068111201
6247,1,-71.00385257392736,42.39019968048608
6234,1,-71.00751657602287,42.389711680559316
6249,1,-71.00410757433512,42.38756868057781
6243,1,-71.00059657351126,42.38841468092483
6311,1,-70.96141555837545,42.35225067464956
625,1,-70.99942657343837,42.39467268227257
7113,6,-71.04804058696877,42.35386967203482
7117,6,-71.04341058524346,42.35099367262914
7122,6,-71.04472758577411,42.35128367236832
7128,6,-71.03926358336425,42.349377671154784
7115,6,-71.0498465873361,42.35120067151508
71,6,-71.05099158687297,42.350580671717516
7112,6,-71.04849858736154,42.35035467159852
711,6,-71.0489055868297,42.349659671705346
7133,6,-71.05218658740897,42.34567467066616
712,6,-71.04198558505455,42.34614467142873
714,6,-71.04134958359836,42.34452867103806
7123,6,-71.03847558345974,42.34394567098748
7136,6,-71.05712158903764,42.344960670331055
7138,6,-71.05712158908622,42.34294966977001
7137,6,-71.05559558829948,42.34187866979972
7181,6,-71.05670158922388,42.33933466951366
7151,6,-71.05302658735296,42.341577669599445
7183,6,-71.05253058764336,42.34274267033385
715,6,-71.05025358640053,42.34161566989468
716,6,-71.0493635864529,42.34009266930049
7161,6,-71.047124585802,42.339716670119294
718,6,-71.05040658634528,42.33920967039262
717,6,-71.04419858375067,42.3388146701398
7165,6,-71.04450158472565,42.33809466945367
7163,6,-71.04687058491393,42.3376116700667
7164,6,-71.04770958475791,42.33678466899165
727,5,-71.07182559265351,42.332424667215854
7273,6,-71.06902759292834,42.33195466852712
7276,6,-71.06666159187408,42.33398466764864
7277,6,-71.06344659044302,42.32953666737205
7275,6,-71.06485559195634,42.33105266762933
7271,6,-71.06956159279403,42.3301506672683
7272,6,-71.06683959191493,42.32678666631663
7261,6,-71.05869958881054,42.32624166673198
7265,6,-71.06409259018217,42.323591665760716
7252,6,-71.05679158725691,42.320790666483894
7251,6,-71.05686758735565,42.32340366664222
7245,6,-71.0568925888086,42.32682366793703
7253,6,-71.05394658665834,42.32355666630171
7242,6,-71.05261958713842,42.3243056669029
7243,6,-71.05422158794592,42.32547066678547
7244,6,-71.05480658772314,42.328064667358255
7241,6,-71.05267058606513,42.326936667203746
7234,6,-71.05717258814767,42.3293986676918
724,6,-71.0526445863437,42.32934266758055
7233,6,-71.05696958916671,42.33178566773712
7236,6,-71.05439958856792,42.33086466792255
723,6,-71.05704558880515,42.33370266816788
7218,6,-71.05523958766729,42.335093669079086
7227,6,-71.05358558779956,42.334134668856564
7226,6,-71.05157658662262,42.33588266901403
7225,6,-71.0493125856228,42.335544669555425
7216,6,-71.05383958691267,42.33633466931103
7217,6,-71.05307758695271,42.336822669499334
7223,6,-71.05190658647281,42.337837669724145
722,6,-71.05244158816575,42.33982966944249
7222,6,-71.05088958644977,42.33879666977514
7221,6,-71.04921058627666,42.33778166991307
7412,6,-71.05168858641655,42.33245466804605
7418,6,-71.05132558593432,42.3313726674689
7416,6,-71.0495705854731,42.33106666813149
7413,6,-71.04974758586356,42.33358866869589
7415,6,-71.04824858547565,42.332917668824344
7417,6,-71.04740058490029,42.33121166896955
7421,6,-71.04408658387466,42.33135766852933
7422,6,-71.04144358416558,42.33135766793591
743,6,-71.0398065819437,42.33058466816426
7424,6,-71.03986558198078,42.33306366889642
7423,6,-71.04410658403309,42.332990668328286
7425,6,-71.04152258346303,42.33469666873745
7426,6,-71.04623658480595,42.33453666845619
7414,6,-71.04755858483406,42.33459466864878
7433,6,-71.03698658224636,42.33476966870714
7435,6,-71.03538858194857,42.33474066918516
7437,6,-71.03528958079897,42.33315166898601
7434,6,-71.03321858053377,42.33151866853564
7432,6,-71.03525058179196,42.330643669184376
7447,6,-71.02718357964065,42.334055669501375
7451,6,-71.02923457884468,42.33409866975978
7442,6,-71.02921557942652,42.332436669029924
7452,6,-71.03114857914225,42.3308486680662
7324,6,-71.03493458193779,42.340091670158884
7323,6,-71.03753858255274,42.33813766996856
7315,6,-71.04164058353268,42.337247669340535
7316,6,-71.04392858399066,42.33678166893235
731,6,-71.04556558447177,42.33545466895324
7311,6,-71.04254858457335,42.33552766906528
7317,6,-71.03743958284338,42.33561466953811
732,6,-71.03534958218259,42.33562966978442
7312,6,-71.03996458284847,42.335644668952426
7321,6,-71.03331758141573,42.33567366979018
733,6,-71.0292155798507,42.3357166698267
7334,6,-71.02921557921229,42.33657767052583
7335,6,-71.02935357906628,42.338253670426525
7336,6,-71.02722357900018,42.33743766934244
7331,6,-71.02716357923397,42.335775669898105
7332,6,-71.02521157875633,42.33670867035809
7361,6,-71.02237057711832,42.337612671094114
734,6,-71.01941257616733,42.33918767124435
7363,6,-71.01337757448377,42.33802167136054
7443,6,-71.0250535785396,42.33318066987861
7441,6,-71.03116757941454,42.33323966934143
7445,6,-71.03122757949815,42.33485766967298
7438,6,-71.03329858017152,42.333982669462564
7431,6,-71.03724258146985,42.33144566861969
7617, ,-71.00685457215296,42.3189026680735
7616, ,-70.98715856533882,42.32677266940532
7611, ,-70.96733555843392,42.32082966929286
7612, ,-70.95153455298765,42.31279966727517
7614, ,-70.92829354566791,42.321027670760174
7613, ,-70.94045155018856,42.32714567044318
7615, ,-70.92476954525124,42.326674671010565
231,5,-71.09286360104603,42.34983667024443
2311,5,-71.0949546015228,42.348684670162946
234,5,-71.09446160216805,42.34712467012133
2326,5,-71.0984656032507,42.3471976694304
2313,5,-71.10359460501843,42.349850669833266
2317,5,-71.10653460530891,42.35005466993145
2321,5,-71.10684960554102,42.34855366998447
2322,5,-71.10396960498379,42.34798466975676
2327,5,-71.10095160324279,42.344878668948205
2344,5,-71.09532960222542,42.345301669112985
2342,5,-71.09785460208981,42.3446016690623
2343,5,-71.0995116024828,42.3431146691401
2348,5,-71.10097160287854,42.34175866890138
2341,5,-71.09696660201092,42.34293966885533
2347,5,-71.09848560277408,42.34088366854746
2331,5,-71.08710259889993,42.341015669131735
2332,5,-71.09059460015051,42.3396736689785
2333,5,-71.09120660054133,42.340869668939945
2338,5,-71.08986460032258,42.33799766822705
2335,5,-71.09207460009608,42.336291667821136
2336,5,-71.09554660149783,42.337705667838364
2337,5,-71.09909760245121,42.338988668501855
2363,5,-71.10020160338235,42.33585366816169
2352,5,-71.10183960360366,42.339032668459765
2357,5,-71.10515360410058,42.337734667356465
2358,5,-71.10728360609437,42.33887166763467
2359,5,-71.10986860653708,42.34032966738294
2354,5,-71.10679060468858,42.34100066848108
2353,5,-71.10568660569994,42.34034466747411
235,5,-71.10335860372028,42.3426336688468
2351,5,-71.10832960567706,42.33792466769157
2356,5,-71.10933560602354,42.33703466739238
2378,5,-71.10803360455435,42.33537266644992
236,5,-71.10560760433071,42.33375466705283
2364,5,-71.10254960302964,42.33502266707278
2365,5,-71.10130660332584,42.33298166711817
2361,5,-71.09554660135151,42.33406066738607
2366,5,-71.09712460228242,42.33181566726083
2367,5,-71.09850560260504,42.33006566616235
2392,9,-71.09941260222853,42.328009666144176
2369,5,-71.10280560333244,42.32980266623451
2371,5,-71.1028846031815,42.33114466623087
2374,5,-71.10556760439883,42.33236966614596
2372,5,-71.10673160444331,42.33143566611156
2375,9,-71.10621860392237,42.32996366629461
2391,9,-71.10430560285984,42.327892665888804
2373,9,-71.1092766058495,42.3307946664782
2381,9,-71.11211760692102,42.33200466593872
2376,5,-71.10966360539416,42.33316366726872
2377,5,-71.10925660591386,42.33404566659758
2382,9,-71.11071660598246,42.32891366517644
239,9,-71.10688960485854,42.327455665515856
2388,9,-71.10775760470602,42.32726666540856
2383,9,-71.11126860639901,42.32658066540521
2385,9,-71.10702760506842,42.32544366479579
2387,9,-71.10509460418123,42.32445266475701
2394,9,-71.10033960230764,42.32640566597733
2389,9,-71.10783660430751,42.32375266513867
2384,9,-71.10921760578576,42.32383966453627
2857,10,-71.17116162430634,42.29423365756248
1581,4,-71.08504759910707,42.35119567085278
1563,4,-71.08180859752349,42.34542767009432
1564,4,-71.0822865971063,42.343701669253115
5131,11,-71.1328186142433,42.35551667013318
5132,11,-71.13580061522103,42.35425966928589
516,11,-71.13673661632217,42.35367766957877
5164,11,-71.13789461592422,42.353604669415205
5165,11,-71.13957061748111,42.35273066939486
5167,11,-71.14006361766678,42.351583668406576
5183,11,-71.14165261722476,42.3522096686297
5184,11,-71.14304461822185,42.35163766963399
5185,11,-71.14573061811359,42.35078166888649
5186,11,-71.14713461866836,42.35010866846294
519,11,-71.14895761971262,42.349470669077746
518,11,-71.14011261631215,42.348542668174886
5147,11,-71.13520961483528,42.348341668811656
5148,11,-71.13466661491435,42.34684866813226
5151,11,-71.13774661508225,42.34845066835691
5156,11,-71.1367116156587,42.346739669065364
5158,11,-71.13821461498748,42.3441176676338
5159,11,-71.13981661624561,42.34513666804006
5161,11,-71.13572661500234,42.349070668291056
5163,11,-71.13676161553595,42.35262166935502
5171,11,-71.14134461691225,42.3458656676739
5176,11,-71.14287161712012,42.34377166783445
5177,11,-71.1421826167178,42.344973667375186
5195,11,-71.14558261856688,42.34541066829933
5193,11,-71.14834261876558,42.347031668687464
5197,11,-71.14331561768704,42.347049668406925
5276,11,-71.14080261769847,42.35998067071146
5285,11,-71.14159061750048,42.36061767069028
5351,11,-71.15486962042293,42.332601664821645
5361,11,-71.15638862155296,42.342785667092826
5397,11,-71.17383662798056,42.35152666797484
1213,3,-71.05847159055827,42.36352967412199
1223,3,-71.05681359014034,42.36530867441993
1225,3,-71.05718859113055,42.36339867412156
1315,3,-71.06229959208459,42.364900674425456
1361,3,-71.06780459337037,42.36030767322016
1411,3,-71.0522555873918,42.352418672434176
1414,4,-71.05363658911718,42.35017267167086
1421,3,-71.0541495883878,42.354096672708366
1422,3,-71.0553725892485,42.354008672347376
1423,3,-71.05645858992894,42.355511672560645
1425,3,-71.05754459027892,42.35500067228051
155,4,-71.0775155954766,42.34060666859905
1754,7,-71.07497059381548,42.3206346651706
1757,7,-71.07134459290367,42.3201596652761
1853,7,-71.05045958514336,42.31177166399926
2251,5,-71.08591459795713,42.32858166645442
2252,5,-71.08902859881377,42.32950266633419
2325,5,-71.10507560486163,42.34556466957681
233,5,-71.08577359853074,42.34087566833886
238,5,-71.1118046069687,42.33345966609791
2386,9,-71.10463260447249,42.326087665077814
2418,9,-71.10805260416659,42.319583664651766
242,9,-71.10670860333813,42.31725566401021
2431,9,-71.10018860067004,42.310677662875236
2517,9,-71.11475560585512,42.30457666078901
2518,9,-71.11578760633054,42.303596660755986
2537,9,-71.11449860541762,42.3018396599685
2538,9,-71.11632160604368,42.30064166060418
2581,12,-71.11880760569709,42.285484657081
2656,10,-71.12746060835991,42.27751765539838
2682,12,-71.12960760912071,42.272097655100694
2685,12,-71.12816260801742,42.26947065368047
2825,10,-71.15718461871998,42.28833565632678
2854,10,-71.16530662189581,42.28741165650138
3113,7,-71.07834559398616,42.306087662301245
3218,8,-71.05359858529309,42.29164066090155
3225,8,-71.05723958571782,42.2914106607011
3223,8,-71.05896258698083,42.28923365988494
3221,8,-71.0608795864989,42.2882026595386
3237,8,-71.05019058315045,42.290350660030164
3238,8,-71.05143058479925,42.29133966065407
3242,8,-71.0499975835563,42.292986660705886
3246,8,-71.04982258370379,42.2917976612345
3254,8,-71.03892057983575,42.2884746604929
3264,8,-71.05342458389313,42.2829016590322
3286,8,-71.05689058564715,42.286812659247204
341,8,-71.06233258754305,42.29297266055534
3414,8,-71.06506258901115,42.29222766053215
3615,12,-71.09064459820709,42.29444866000589
3669,12,-71.10354260027285,42.26345265343892
3775,12,-71.11271860120752,42.24719664978955
3861,10,-71.13874060870461,42.23410564678785
3881,10,-71.14311861177849,42.25547765114933
4234,3,-71.05519659047856,42.37368667569863
414,3,-71.06071759190777,42.37429267574841
6245,1,-71.00833657611807,42.38932268095459
6246,1,-71.00401657479128,42.38924668052117
6263,1,-71.00280257418333,42.385308680054315
6266,1,-70.99780657167327,42.38342767981982
7146,6,-71.0449435846879,42.3415126702115
72,6,-71.0571205896086,42.34161067023505
721,6,-71.05701858847881,42.34052866998477
7215,6,-71.05533558872311,42.33719566926876
7231,6,-71.05704758846058,42.33595066882702
7232,6,-71.05701858807214,42.33815866948995
7237,6,-71.05349158771955,42.3322396685619
7274,6,-71.06629759132564,42.32948066711692
728,6,-71.06247759007212,42.341869669132215
7281,6,-71.06212658940368,42.33455566837499
7322,6,-71.03547458178406,42.33649966959631
7512,6,-71.03463958111128,42.343989671145664
1915,6,-71.04353258323707,42.31989566684984
1914,6,-71.04295758361924,42.321253666155464
1917,6,-71.0414185829999,42.32059566644612
1918,6,-71.03933258250605,42.31907766656402
192,6,-71.03792758142403,42.31878366687941
1912,6,-71.04279258262478,42.31803866609161
1913,6,-71.04159658288134,42.31849066637601
1919,6,-71.04023058255613,42.31813066571438
1916,6,-71.04203058270369,42.31930266604312
6461,1,-71.02500358038787,42.37695567811441
646,1,-71.02353058051831,42.37693667747336
6462,1,-71.02500358004475,42.3742846775831
6463,1,-71.02296757995404,42.37390867697319
6452,1,-71.0275475807256,42.37189067679449
6411,1,-71.02810958102366,42.36912067632369
6413,1,-71.0272525805793,42.365321675367326
6414,1,-71.0256995803378,42.36342267555272
6421,1,-71.02280757900067,42.35792167460394
6422,1,-71.01879057774376,42.356971673709126
6432,1,-71.02149457900578,42.36433267565517
6433,1,-71.01876357706544,42.36352167540237
6443,1,-71.01929857839335,42.366765675752156
6442,1,-71.01870957857393,42.36571767534797
6441,1,-71.01779957836081,42.36549967552008
6444,1,-71.0170495779516,42.366409675721265
6446,1,-71.01870957838163,42.36977367621928
6471,1,-71.0206915791402,42.37940967781422
6447,1,-71.02073257883524,42.368371676105085
6445,1,-71.01740357830579,42.36726867566359
6453,1,-71.02891158223217,42.37475267687081
6464,1,-71.02333257959353,42.37443367689359
4125,3,-71.0600805915733,42.37258067532766
1819,7,-71.04493458411149,42.30945866474306
2926,10,-71.15024661638812,42.28033565534662
4119,3,-71.06227859318467,42.37414867604233
4132,3,-71.06625259357548,42.37368367594866
4112,3,-71.0609335927952,42.37070767561924
6484,1,-71.02638058024604,42.36654567631678
6417,1,-71.02623757972668,42.3621336755654
6419,1,-71.02505957892335,42.36103367481676
6418,1,-71.0273095800575,42.35952767417671
642,1,-71.01985657729861,42.356910673421794
7143,6,-71.04785158554621,42.34141766958887
7513,6,-71.03529458247624,42.34446467082899
8229, ,-71.14722462298676,42.40584567910212
8231, ,-71.16875562789792,42.38430867456584
8244, ,-71.00852256540932,42.214063647124185
8258, ,-71.20381064554547,42.48883569313266
8218, ,-71.09839260423415,42.36449767220151
8215, ,-71.02854458298756,42.39093368015264
8223, ,-71.18074462492764,42.25821865002055
8216, ,-71.05955159224209,42.39844368093298
8238, ,-71.2213686488323,42.43346868223388
8271, ,-70.96692856598416,42.46340069594893
8226, ,-71.0657585964301,42.42086868420606
8228, ,-71.11175661143277,42.41671368207375
8227, ,-71.0543425944104,42.44767469017977
8224, ,-71.08183859193117,42.25179965200269
8242, ,-71.23807264454366,42.27329665078811
8221, ,-71.20511963675696,42.335664663690366
8225, ,-71.02196757165977,42.2392236518437
8235, ,-71.10940861701036,42.51474170028193
8214, ,-71.00626457658495,42.412535685275934
8274, ,-71.00828857952277,42.455234693592026
8217, ,-71.09797760518191,42.386457676897265
8234, ,-71.09913260996697,42.45981669083961
8233, ,-71.0652056009715,42.48852869715113
8232, ,-71.23756765106948,42.37801767071734
8219, ,-71.16034762370526,42.362689670735044
8241, ,-71.27960566035706,42.309458656810875
8239, ,-71.29481866790671,42.36973766815833
8246, ,-70.94065354429237,42.21943465077347
8236, ,-71.14443662387458,42.443818686587576
8213, ,-70.98123456608782,42.37949067993276
8237, ,-71.15424462930154,42.47628669291536
8222, ,-71.13504561389811,42.330593664935066
742,6,-71.04705058440537,42.32874166785524
5461,11,-71.14950062102447,42.35953667036502
5489,11,-71.16944662685644,42.35807166984561
6448,1,-71.02299757879464,42.36764967608468
761, ,-70.98920456450658,42.3058636657617
7618, ,-70.9335765467697,42.29913266548132
762,6,-71.02930358123837,42.35400367297112
763, ,-70.942345549859,42.31728066885234
7116,6,-71.04580258550148,42.34879867129592
7132,6,-71.05382058858437,42.34518267072522
7514,6,-71.03652158287865,42.34555267156418
4215,3,-71.05708759063226,42.374447675855855
8243, ,-71.0538856368221,42.17787088625915
8256, ,-71.30864998858752,42.42662710695057
7125,6,-71.04040940894761,42.34781100800733
